{
  "CustomerID": {
    "mean": 18685.24692465705,
    "std": 5447.507155306295,
    "min": 11000.0,
    "max": 29483.0,
    "median": 17877.0
  },
  "ProductID": {
    "mean": 866.2273982952802,
    "std": 79.61670505262911,
    "min": 707.0,
    "max": 999.0,
    "median": 873.0
  },
  "SalesOrderID": {
    "mean": 60704.58014780535,
    "std": 8220.759110490651,
    "min": 43697.0,
    "max": 75123.0,
    "median": 60701.0
  },
  "LineTotal": {
    "mean": 643.9110695983755,
    "std": 1036.4986104369234,
    "min": 2.29,
    "max": 3578.27,
    "median": 29.99
  },
  "n_rows": 42353,
  "n_customers": 18484,
  "n_products": 130
}